Año,Trimestre,Provincia,Accesos por cada 100 hogares,Accesos por cada 100 hab,KPI
2014,1,Buenos Aires,54.570072879439756,16.692346018019045,0.0
2014,2,Buenos Aires,55.06141695143392,16.794925434991658,0.900391086300502
2014,3,Buenos Aires,56.754739164071026,17.26299843234104,3.0753335209856214
2014,4,Buenos Aires,56.09433653019754,17.0147634301905,-1.1636079094017944
2015,1,Buenos Aires,56.37048433026737,17.241393436944044,0.4922917662483966
2015,2,Buenos Aires,56.80280561439208,17.32566254457297,0.7669284542453048
2015,3,Buenos Aires,57.68868105608009,17.5478839831824,1.5595628281141822
2015,4,Buenos Aires,58.29182182733718,17.683348856285942,1.0455097260253974
2016,1,Buenos Aires,57.33590782254113,17.53507921643952,-1.6398767011048427
2016,2,Buenos Aires,59.33852679105808,18.098684568289556,3.492783221842762
2016,3,Buenos Aires,60.14329545468815,18.295308597951934,1.3562329689508645
2016,4,Buenos Aires,61.236587430356856,18.578640735833826,1.8178118897598314
2017,1,Buenos Aires,58.57400244920328,18.804855031011677,-4.348029654953721
2017,2,Buenos Aires,56.272144161691315,18.104156481000473,-3.9298292608707874
2017,3,Buenos Aires,55.62938339533962,17.935870973592106,-1.1422361381944068
2017,4,Buenos Aires,57.609615290258205,18.61464924835486,3.559686938907319
2018,1,Buenos Aires,62.62621166168454,20.27965291057949,8.70791506964749
2018,2,Buenos Aires,62.78226651094991,20.374582324435124,0.2491845588687313
2018,3,Buenos Aires,64.44056759752046,20.95908740104848,2.641352691976038
2018,4,Buenos Aires,64.60284663484316,21.058833823398523,0.25182744872183427
2019,1,Buenos Aires,66.24255522736811,21.64173785141924,2.5381367508356623
2019,2,Buenos Aires,67.84713982374198,22.215789484298067,2.4222866869588002
2019,3,Buenos Aires,69.35630106079125,22.761733615562225,2.2243549852946987
2019,4,Buenos Aires,64.25205288245421,21.135089381908887,-7.359458477843474
2020,1,Buenos Aires,64.32563101743429,21.208081014212762,0.11451483910512412
2020,2,Buenos Aires,65.2205801358229,21.552858404836318,1.3912791903215842
2020,3,Buenos Aires,67.65618983090923,22.410088053440287,3.734418936498466
2020,4,Buenos Aires,68.97702220170737,22.90151153254686,1.9522712912140843
2021,1,Buenos Aires,69.10524076185938,22.998353975762015,0.18588590237639047
2021,2,Buenos Aires,70.00330336027972,23.35247372787298,1.2995578750895518
2021,3,Buenos Aires,71.68218940101933,23.96989190399953,2.398295452000373
2021,4,Buenos Aires,75.66410602338475,25.36251411440295,5.5549595452350875
2022,1,Buenos Aires,76.07814661157262,25.563030152028354,0.5472087227990378
2022,2,Buenos Aires,77.58,26.12927127832741,1.974093028442577
2022,3,Buenos Aires,78.11,26.37,0.6831657643722624
2022,4,Buenos Aires,78.94,26.72,1.0626040199718325
2014,1,Capital Federal,112.25412278926913,42.655071630586406,0.0
2014,2,Capital Federal,113.1433524754098,42.974776961427445,0.7921577079266721
2014,3,Capital Federal,113.8005123324155,43.20639959292724,0.5808205631422491
2014,4,Capital Federal,114.89676550801623,43.604620676636536,0.9633112831676369
2015,1,Capital Federal,114.89699714890288,43.65872499007399,0.00020160783954987262
2015,2,Capital Federal,116.06627091860372,44.08485428379352,1.0176713044863086
2015,3,Capital Federal,118.28921116431961,44.91109222814752,1.9152336231038376
2015,4,Capital Federal,118.13036321153807,44.832983780989366,-0.13428777757329122
2016,1,Capital Federal,115.16005888884817,43.75778412718348,-2.5144291797113363
2016,2,Capital Federal,120.03953504825309,45.59375712104128,4.237125446518362
2016,3,Capital Federal,120.77287775101534,45.85472026772204,0.6109176468131696
2016,4,Capital Federal,120.63133173632356,45.78373827727234,-0.11720016722926332
2017,1,Capital Federal,108.36920836560806,45.687714654171046,-10.164957307706839
2017,2,Capital Federal,124.06139375642523,52.236738675121046,14.480298995888235
2017,3,Capital Federal,121.85832590969336,51.2444496511116,-1.7757884060671136
2017,4,Capital Federal,122.89742418734991,51.6167209151056,0.8527101204612012
2018,1,Capital Federal,106.23567174586837,44.562961320417855,-13.557446424655472
2018,2,Capital Federal,106.53494128146691,44.632577746788044,0.281703434148219
2018,3,Capital Federal,108.44591411021922,45.37709204560748,1.7937521772349676
2018,4,Capital Federal,108.27314997057414,45.24931394036689,-0.15930903534963328
2019,1,Capital Federal,109.19616455883845,45.57918389943661,0.8524870556690742
2019,2,Capital Federal,110.54556699485231,46.08592579281094,1.2357599202000902
2019,3,Capital Federal,112.6453878037209,46.904770893488056,1.8995070231684337
2019,4,Capital Federal,106.24546751041055,44.18705360861236,-5.681475662778039
2020,1,Capital Federal,105.98017414181909,44.02408243452466,-0.24969852814235352
2020,2,Capital Federal,106.41480599073645,44.15182686820503,0.4101067510379375
2020,3,Capital Federal,107.6759011657323,44.62274289719256,1.1850749181515443
2020,4,Capital Federal,108.31107489043508,44.833968426782796,0.5898940411235903
2021,1,Capital Federal,108.4199392232935,44.82699016464177,0.1005108046139709
2021,2,Capital Federal,110.14440203212098,45.48719048129489,1.590540283624315
2021,3,Capital Federal,111.27105514250894,45.90038346526859,1.02288730938809
2021,4,Capital Federal,111.27002612891737,45.848510714562856,-0.000924781013587769
2022,1,Capital Federal,111.79786269174652,46.01434762144353,0.47437443954367364
2022,2,Capital Federal,121.31,49.873561256261084,8.508335561370012
2022,3,Capital Federal,122.28,50.22,0.7996043195119932
2022,4,Capital Federal,122.73,50.35,0.36800785083415344
2014,1,Catamarca,24.251751254585553,6.184614520776599,0.0
2014,2,Catamarca,24.703118860058403,6.284355435383139,1.8611753053813165
2014,3,Catamarca,24.706121305327624,6.269890252791938,0.012154114167646848
2014,4,Catamarca,25.513779082747998,6.459254980059493,3.2690593858867314
2015,1,Catamarca,25.10946633078758,6.4030169907943355,-1.584683910012406
2015,2,Catamarca,25.45341804469818,6.475144864314208,1.3698089373124898
2015,3,Catamarca,25.863781184637624,6.5638473961451576,1.612212313563607
2015,4,Catamarca,26.23945178859185,6.643394374998431,1.4524968382324723
2016,1,Catamarca,25.910217981190538,6.606879526910472,-1.2547282239503708
2016,2,Catamarca,26.074188059740646,6.632980570132604,0.6328394406760353
2016,3,Catamarca,26.48067675746367,6.72059087375157,1.5589697243560765
2016,4,Catamarca,26.543515589961913,6.720813040873304,0.23730070448646107
2017,1,Catamarca,25.659350838021506,6.527341318167275,-3.3310009329539447
2017,2,Catamarca,25.97712106768351,6.608185687419579,1.2384188191976282
2017,3,Catamarca,32.49092567790524,8.265091234974188,25.0751597655875
2017,4,Catamarca,28.620950093924897,7.280600419229377,-11.910942834762125
2018,1,Catamarca,32.79361613741535,8.342098537275874,14.579061945173319
2018,2,Catamarca,32.8575008674866,8.35838388395506,0.19480843406702877
2018,3,Catamarca,32.91594537411041,8.373046550087581,0.17787264728231342
2018,4,Catamarca,32.225346166025346,8.197333541624968,-2.098068884961276
2019,1,Catamarca,32.190488956121285,8.188504627374574,-0.10816706118369124
2019,2,Catamarca,32.13095022019278,8.173397032450584,-0.18495753826436917
2019,3,Catamarca,30.883614526737205,7.855954765218487,-3.8820379880072267
2019,4,Catamarca,36.43842912715547,9.268865071492511,17.986283942280263
2020,1,Catamarca,37.615427687460254,9.568286447482455,3.2301023630780827
2020,2,Catamarca,45.43181818181818,11.556666835285702,20.77974643623061
2020,3,Catamarca,47.15709898417198,11.995288801288368,3.7975165234400823
2020,4,Catamarca,49.40688354549741,12.567459308545084,4.770829015755517
2021,1,Catamarca,48.899092927848244,12.438278918256517,-1.0277730170565276
2021,2,Catamarca,52.34030966263861,13.313748671467298,7.037383576558286
2021,3,Catamarca,52.709793486001274,13.407472376612356,0.7059259407217603
2021,4,Catamarca,55.2526999859741,14.054223759225387,4.824352993620001
2022,1,Catamarca,58.20635083561171,14.805619574995312,5.345713151370695
2022,2,Catamarca,62.4,15.871790195247085,7.2047965628907615
2022,3,Catamarca,65.33,16.62,4.69551282051282
2022,4,Catamarca,65.77,16.73,0.6735037501913328
2014,1,Chaco,20.71853886384081,5.553671463702625,0.0
2014,2,Chaco,20.95799636749445,5.602127567276613,1.1557644350661935
2014,3,Chaco,21.112666705262427,5.627757222300207,0.7380015486970396
2014,4,Chaco,21.87078320023224,5.81368220415458,3.5908135412417987
2015,1,Chaco,26.649591220305552,7.143089175357747,21.850191537825534
2015,2,Chaco,27.46453938839946,7.341229538625331,3.0580137659783673
2015,3,Chaco,27.963072793479412,7.454020298824401,1.8151893903253498
2015,4,Chaco,28.35056623514143,7.53670916277073,1.3857326929834917
2016,1,Chaco,28.07514644775236,7.524734075579937,-0.9714789648457791
2016,2,Chaco,28.5935505552226,7.642896733294073,1.846487634303121
2016,3,Chaco,28.910749068480953,7.706877803276395,1.109335871548202
2016,4,Chaco,28.786656085255263,7.653240095890541,-0.42922783817102417
2017,1,Chaco,28.62166053842791,7.65022534015797,-0.573166769834946
2017,2,Chaco,29.045524775453423,7.763587198662014,1.480921194129967
2017,3,Chaco,29.975925647657625,8.012103738024656,3.2032503437172912
2017,4,Chaco,30.808158111236537,8.234501979468078,2.776336161762343
2018,1,Chaco,30.829927645702472,8.240328535251999,0.07066159030778124
2018,2,Chaco,31.251704996034892,8.353123614291734,1.3680776522717955
2018,3,Chaco,32.283100833077576,8.628583509513742,3.3002866153176083
2018,4,Chaco,32.59096087632982,8.7108351925502,0.953626000315324
2019,1,Chaco,32.635876579429485,8.722835003407456,0.13781644324666154
2019,2,Chaco,34.14026097986763,9.125011329267105,4.609603167167142
2019,3,Chaco,35.8460309754608,9.580664387529255,4.996358980966953
2019,4,Chaco,36.835478630342415,9.84506318966921,2.7602711596130804
2020,1,Chaco,37.483833369172615,10.018358007806318,1.7601365936809956
2020,2,Chaco,39.83250279006581,10.646198278920558,6.265819714225876
2020,3,Chaco,41.54192057806515,11.102767361905425,4.291514889256895
2020,4,Chaco,43.030788649779105,11.50064617804086,3.5840135723048396
2021,1,Chaco,43.13649241708794,11.528896477487843,0.24564682783098707
2021,2,Chaco,43.32762729293539,11.580041340539402,0.44309322603089196
2021,3,Chaco,42.96241007967663,11.48213456009956,-0.8429199475649765
2021,4,Chaco,44.04856389025934,11.772399458164147,2.528149162415153
2022,1,Chaco,44.05948009941883,11.775342040436145,0.024782213528426987
2022,2,Chaco,43.79,11.70254390369554,-0.6116279602272998
2022,3,Chaco,43.86,11.72,0.1598538479104825
2022,4,Chaco,43.62,11.66,-0.5471956224350251
2014,1,Chubut,41.23521807972435,12.703590133239262,0.0
2014,2,Chubut,41.41020981991258,12.696289361395674,0.42437447487219065
2014,3,Chubut,40.59867094427454,12.388234071451354,-1.9597555268792786
2014,4,Chubut,40.24927468450274,12.22355578461917,-0.8606100930037339
2015,1,Chubut,37.612780685907914,11.585798774556789,-6.55041368884582
2015,2,Chubut,36.58246720458481,11.215678099350221,-2.739264320622604
2015,3,Chubut,36.81180991463324,11.233578169758335,0.6269197448215983
2015,4,Chubut,36.89017827786587,11.205552103480567,0.21288918804690943
2016,1,Chubut,36.0927055378499,11.115931499378867,-2.161748132549561
2016,2,Chubut,36.12438565556337,11.074824787933132,0.08777429467083922
2016,3,Chubut,36.17869442878647,11.041169584989312,0.15033826108745135
2016,4,Chubut,36.07290546427898,10.959254911598952,-0.2924068051038233
2017,1,Chubut,35.662220237763016,10.932503392025788,-1.1384866875296336
2017,2,Chubut,35.54601117914412,10.897114883440475,-0.3258604143099447
2017,3,Chubut,46.21537746651841,14.16737183585357,30.01564995184136
2017,4,Chubut,51.46309626749354,15.77581593080522,11.354919268542025
2018,1,Chubut,53.71560488248906,16.466326556340928,4.376939551572042
2018,2,Chubut,54.90230333735512,16.830485129144066,2.2092247820016957
2018,3,Chubut,56.391745852269025,17.28630822939319,2.7128962254312166
2018,4,Chubut,42.61093609604538,13.061729706052178,-24.43763630288306
2019,1,Chubut,42.99773633717796,13.180368061670734,0.9077487531856436
2019,2,Chubut,46.98798413626923,14.403808727896068,9.280134581506113
2019,3,Chubut,47.56624162293312,14.580466548718958,1.2306497018192775
2019,4,Chubut,51.145017855147124,15.677171185926401,7.523773394971293
2020,1,Chubut,51.26848941909703,15.715139739949185,0.24141464628989248
2020,2,Chubut,57.344613387235526,17.577923412048097,11.851575962125379
2020,3,Chubut,68.34389815720037,20.94871530485329,19.18102524414822
2020,4,Chubut,68.35189915825622,20.950871174621614,0.011706972051026315
2021,1,Chubut,68.9942808881567,21.147838315076264,0.9398154810785311
2021,2,Chubut,72.29410481936469,22.159781771420207,4.782749944965992
2021,3,Chubut,80.70973847657562,24.738375502880167,11.640829744331686
2021,4,Chubut,82.57340063871433,25.309325144656967,2.3090920591690427
2022,1,Chubut,88.05274093835774,26.988759663104396,6.635720773590662
2022,2,Chubut,83.19,25.499919336270644,-5.522532162584194
2022,3,Chubut,84.38,25.86,1.4304603918740206
2022,4,Chubut,85.57,26.23,1.4102867978193858
2014,1,Corrientes,22.316716713838876,5.891708288681968,0.0
2014,2,Corrientes,22.575613003243586,5.945267054468535,1.1601002635130693
2014,3,Corrientes,22.78753503515243,5.9862826719116935,0.938721052129998
2014,4,Corrientes,23.56243099277512,6.174655065970425,3.4005255786873043
2015,1,Corrientes,28.95019128190928,7.642568763996284,22.865893127861863
2015,2,Corrientes,29.584012668108493,7.790823368355694,2.1893512896934872
2015,3,Corrientes,30.16741240901903,7.9251911359201195,1.9720101781170487
2015,4,Corrientes,30.33643144533882,7.950363156694786,0.5602702480019836
2016,1,Corrientes,30.080785004133055,7.940601449315725,-0.8427043954276492
2016,2,Corrientes,30.580162046616557,8.053039893831306,1.6601197156752667
2016,3,Corrientes,31.066878826051184,8.161726730902307,1.5916095496573006
2016,4,Corrientes,30.98107037649768,8.119896031116928,-0.2762055693909909
2017,1,Corrientes,30.940600109644144,8.147787146784857,-0.13062901430363932
2017,2,Corrientes,31.38612136835505,8.265165616133114,1.4399244265854951
2017,3,Corrientes,32.16543574593796,8.470212670540503,2.4829903906783932
2017,4,Corrientes,32.51511831118755,8.562263620309615,1.08713765923021
2018,1,Corrientes,32.66346087317512,8.60133260210877,0.45622642540571146
2018,2,Corrientes,33.80975390881165,8.903247385340823,3.5094047139932
2018,3,Corrientes,34.24993887383215,9.018948170247882,1.3019466696141093
2018,4,Corrientes,34.56627656869549,9.102210657080787,0.9236153560117242
2019,1,Corrientes,35.13498688698812,9.25199213887151,1.6452750332029573
2019,2,Corrientes,38.15558588418795,10.047459019420458,8.597125728026025
2019,3,Corrientes,38.48535113586719,10.134028114178687,0.8642646785195848
2019,4,Corrientes,38.767440989262106,10.208283637368018,0.7329798093800305
2020,1,Corrientes,38.729079942230904,10.198192297264285,-0.09895171322199849
2020,2,Corrientes,40.30476267979574,10.613139950481656,4.068474489750753
2020,3,Corrientes,41.750749470464434,10.993613616681577,3.5876325638149598
2020,4,Corrientes,42.42828394694903,11.172002734788627,1.6228079377686402
2021,1,Corrientes,42.664128438821415,11.234115869536096,0.5558662051175042
2021,2,Corrientes,43.5411637336848,11.465064580129559,2.055673763782647
2021,3,Corrientes,44.90088312664412,11.8228555121759,3.1228365903950315
2021,4,Corrientes,45.51016102946347,11.983198552620907,1.3569396866891599
2022,1,Corrientes,47.644635141502334,12.545281287312793,4.690104503600852
2022,2,Corrientes,48.35,12.732146965383649,1.4804706897277446
2022,3,Corrientes,48.21,12.69,-0.28955532574974263
2022,4,Corrientes,51.64,13.6,7.114706492428955
2014,1,Córdoba,52.517847544006315,16.125183143749393,0.0
2014,2,Córdoba,53.448126115625996,16.365408420405306,1.771357005521165
2014,3,Córdoba,54.23361028299935,16.5601374978714,1.469619656401222
2014,4,Córdoba,54.69689679332299,16.655707331301695,0.8542424299362346
2015,1,Córdoba,54.69734650188214,16.79362190248589,0.0008221829491434256
2015,2,Córdoba,55.86916350781819,17.106520102782877,2.1423653629993438
2015,3,Córdoba,57.08340378951846,17.430734989025318,2.1733639909076956
2015,4,Córdoba,57.364881766079215,17.46916799414709,0.4930994963065652
2016,1,Córdoba,55.283092783740216,16.972666239608547,-3.6290303723244044
2016,2,Córdoba,57.54798052828644,17.620348014320207,4.096890442447112
2016,3,Córdoba,58.24381625803197,17.78550480431242,1.2091401355144158
2016,4,Córdoba,57.696719154378975,17.57129145976522,-0.9393222127294045
2017,1,Córdoba,57.65332959287443,17.652242570602198,-0.07520282286493597
2017,2,Córdoba,58.973528908003566,18.05661531060883,2.2898925776739625
2017,3,Córdoba,62.30700225296333,19.076953915608296,5.652490883087315
2017,4,Córdoba,63.33262565207773,19.390857786793124,1.6460804757552314
2018,1,Córdoba,63.51716965201617,19.447381073339752,0.29138851901111223
2018,2,Córdoba,63.2743661231958,19.373198551696014,-0.38226440213031027
2018,3,Córdoba,64.24210026029336,19.66915749676994,1.5294252576365137
2018,4,Córdoba,65.08926459112368,19.92843117514227,1.318705844606295
2019,1,Córdoba,65.5173840768055,20.05952769269671,0.6577420844607333
2019,2,Córdoba,68.07130938789848,20.841637242238242,3.898088037365833
2019,3,Córdoba,68.59234901069021,21.000781776953538,0.7654320557029887
2019,4,Córdoba,70.48295566244217,21.57949716642836,2.756293783519935
2020,1,Córdoba,70.6880744339108,21.64232669040361,0.2910189698215706
2020,2,Córdoba,72.71358531242393,22.262629768284135,2.8654209281183136
2020,3,Córdoba,75.22035723669207,23.029708353509868,3.4474602146180056
2020,4,Córdoba,78.07960876338194,23.904978675681004,3.801167172993892
2021,1,Córdoba,78.59028062380018,24.061371645661506,0.6540399836861613
2021,2,Córdoba,80.11518795931242,24.528406291253745,1.94032560185367
2021,3,Córdoba,81.2845665540848,24.885957628675673,1.459621608035504
2021,4,Córdoba,84.50941853046088,25.873153715537683,3.967360734131901
2022,1,Córdoba,85.75745356313551,26.255262218351167,1.476799928785204
2022,2,Córdoba,87.48,26.781590841133493,2.008625915642813
2022,3,Córdoba,88.31,27.04,0.9487882944673047
2022,4,Córdoba,89.03,27.26,0.8153097044502308
2014,1,Entre Ríos,34.367121821250166,10.302247104839328,0.0
2014,2,Entre Ríos,34.687432371459764,10.372072065869386,0.9320261145975305
2014,3,Entre Ríos,34.981647333712985,10.433826435850124,0.848188932240763
2014,4,Entre Ríos,36.0254708519679,10.718328095183363,2.983917561963842
2015,1,Entre Ríos,42.06519337351208,12.609336086982932,16.765145267252645
2015,2,Entre Ríos,42.93197901645878,12.837181261223597,2.060576865177342
2015,3,Entre Ríos,43.67718163526334,13.027710914374044,1.735775139829607
2015,4,Entre Ríos,44.10854807300098,13.123962308090587,0.9876242504378414
2016,1,Entre Ríos,43.84596814466226,13.142540095674788,-0.5953039485773735
2016,2,Entre Ríos,44.73887454518738,13.377306134693265,2.0364618192010924
2016,3,Entre Ríos,45.43514088447326,13.552371996148606,1.5562893487243135
2016,4,Entre Ríos,45.208402854677,13.451982739190726,-0.4990367045912476
2017,1,Entre Ríos,44.907273687041226,13.427434245008815,-0.6660911437277603
2017,2,Entre Ríos,45.38933102824724,13.571663585663645,1.0734504716662896
2017,3,Entre Ríos,45.95812167017718,13.741494179292031,1.2531373101224161
2017,4,Entre Ríos,47.885245293746834,14.317635180183578,4.193216679741269
2018,1,Entre Ríos,48.68120241785722,14.555673456325385,1.662217911232729
2018,2,Entre Ríos,49.20261187052838,14.711648453505866,1.071069379502209
2018,3,Entre Ríos,50.222013858377494,15.016208210741233,2.0718452722216583
2018,4,Entre Ríos,54.37477348639939,16.257794035384702,8.268803476762967
2019,1,Entre Ríos,56.78815996169284,16.979402393290254,4.43843039805417
2019,2,Entre Ríos,57.47823458872391,17.185820444672466,1.2151734225876742
2019,3,Entre Ríos,57.90009945796624,17.311661825597923,0.7339558569620646
2019,4,Entre Ríos,57.99221691704514,17.339132629892976,0.1590972380725769
2020,1,Entre Ríos,56.12006051437216,16.779387594256768,-3.228289074292505
2020,2,Entre Ríos,56.538654739709614,16.90464963972206,0.7458905452004101
2020,3,Entre Ríos,58.1901640924315,17.398110879051448,2.9210269687615322
2020,4,Entre Ríos,59.47430676097378,17.78197083072765,2.206803655859259
2021,1,Entre Ríos,60.439449728342346,18.070581721504354,1.622789772476806
2021,2,Entre Ríos,61.660264464787886,18.435680632917915,2.019897173009922
2021,3,Entre Ríos,62.17940145385769,18.590565595869126,0.84193117492428
2021,4,Entre Ríos,63.155361436165784,18.88227767661483,1.5695872901451684
2022,1,Entre Ríos,63.70090347123158,19.04540527092108,0.8638095367678311
2022,2,Entre Ríos,63.9,19.10468595065942,0.312548987406964
2022,3,Entre Ríos,63.67,19.04,-0.3599374021909184
2022,4,Entre Ríos,64.01,19.14,0.534003455316481
2014,1,Formosa,17.418451079368708,4.444467754793774,0.0
2014,2,Formosa,17.54041175485166,4.464869672895974,0.7001809456376356
2014,3,Formosa,17.771314831468263,4.5129252671268265,1.3164062500000029
2014,4,Formosa,17.956311361695214,4.549162969289201,1.0409839225816353
2015,1,Formosa,18.12270367397183,4.62384901660949,0.9266508523101729
2015,2,Formosa,18.36026720527858,4.673478484721786,1.3108614232209783
2015,3,Formosa,18.836751773785252,4.783639923880968,2.5951940850277198
2015,4,Formosa,19.06549151678632,4.8305631271657905,1.2143268953588937
2016,1,Formosa,19.041878369434937,4.858053690123639,-0.12385281192773506
2016,2,Formosa,19.370070664563997,4.930439412017454,1.7235289962562623
2016,3,Formosa,18.639708302862847,4.733748023050463,-3.77057148809111
2016,4,Formosa,19.84823607816392,5.02928480990009,6.483619569923521
2017,1,Formosa,19.842489178645863,5.050590921688212,-0.02895420779673704
2017,2,Formosa,19.965076445261992,5.0818187061685505,0.6178018569769748
2017,3,Formosa,21.350384380070757,5.43429504811395,6.9386558003263685
2017,4,Formosa,21.270976689249718,5.414060072151437,-0.37192628201654937
2018,1,Formosa,21.404310259211442,5.4480098282582645,0.6268333227458744
2018,2,Formosa,29.434226520796997,7.4919076165093035,37.51541705544958
2018,3,Formosa,29.576573428878444,7.5279498103121085,0.4836101535770609
2018,4,Formosa,29.73653915732,7.568639138457005,0.540852809830113
2019,1,Formosa,29.677694630431926,7.55368578631946,-0.19788626570415146
2019,2,Formosa,30.418236006943307,7.742195783956093,2.495279319142327
2019,3,Formosa,30.11243299777749,7.664177713890219,-1.0053278865218038
2019,4,Formosa,30.471313480544048,7.755476118924716,1.1918016813621348
2020,1,Formosa,30.228303962606848,7.693633209507935,-0.7975026022175294
2020,2,Formosa,31.1394362262631,7.925539742616724,3.0141693188719603
2020,3,Formosa,31.905623310186538,8.120337229392224,2.460504032109717
2020,4,Formosa,32.487381907596735,8.268390853815193,1.8233732397400244
2021,1,Formosa,32.732955756327215,8.330895284429907,0.7559053217306373
2021,2,Formosa,33.22548419322613,8.456293049570467,1.504686715631266
2021,3,Formosa,33.962033540684324,8.643582187295351,2.216820507941186
2021,4,Formosa,34.4545746388443,8.768865242200624,1.4502697477462383
2022,1,Formosa,34.955686995751336,8.896427435598431,1.4544145796595591
2022,2,Formosa,43.42,11.049814591140093,24.214408960915158
2022,3,Formosa,43.76,11.14,0.7830492860432895
2022,4,Formosa,39.41,10.03,-9.940585009140772
2014,1,Jujuy,18.41535244687765,4.724302778829112,0.0
2014,2,Jujuy,18.706060999413573,4.784095434078587,1.5786206284920248
2014,3,Jujuy,18.368534215570367,4.68339443034039,-1.8043712348301826
2014,4,Jujuy,19.59941818052116,4.982003512117359,6.701046204913913
2015,1,Jujuy,19.68971363262363,5.050879913471037,0.4607047580229209
2015,2,Jujuy,20.287219077594944,5.188392481356063,3.0346070853022256
2015,3,Jujuy,21.2703333470887,5.423454555427568,4.84597847409999
2015,4,Jujuy,21.47147379391073,5.458341251601313,0.9456384323640954
2016,1,Jujuy,21.41001128856396,5.491800261988138,-0.286251917016513
2016,2,Jujuy,21.888281043576683,5.597761384701527,2.2338603589068957
2016,3,Jujuy,22.605154265256864,5.76400350138348,3.2751462769186004
2016,4,Jujuy,22.651387008241425,5.758804384392255,0.2045230147162434
2017,1,Jujuy,22.756985962232346,5.81976940765058,0.4661919994236984
2017,2,Jujuy,22.403415894624064,5.729417105648426,-1.5536770475451738
2017,3,Jujuy,22.64536299508256,5.791142800512126,1.0799562959350055
2017,4,Jujuy,22.742083716267025,5.81583543877829,0.42711049147442415
2018,1,Jujuy,23.121260875677535,5.912829505826147,1.6672929540721506
2018,2,Jujuy,23.432202729854474,5.9923974768014165,1.3448308716763568
2018,3,Jujuy,23.263700137195517,5.949165647225797,-0.7191069256338891
2018,4,Jujuy,46.53226639132679,11.899484192418539,100.02091720967456
2019,1,Jujuy,46.40843874036665,11.867849761055307,-0.2661113686549882
2019,2,Jujuy,44.511922790626045,11.382934590825071,-4.0865756341227435
2019,3,Jujuy,44.322486842913605,11.334206981241007,-0.42558473288944004
2019,4,Jujuy,45.37754633175065,11.60391510228381,2.3804158204758568
2020,1,Jujuy,46.670230639987786,11.934505713694248,2.848731173753756
2020,2,Jujuy,47.887810227872784,12.246000275261045,2.6088998729776085
2020,3,Jujuy,54.04441923820905,13.820037033679931,12.85631767466547
2020,4,Jujuy,53.45659123390888,13.669623117135359,-1.0876756797204703
2021,1,Jujuy,55.63244789620541,14.226045966500736,4.070324373613128
2021,2,Jujuy,56.182157011467694,14.366784069218694,0.9881088034951921
2021,3,Jujuy,55.6892647441935,14.240381868423986,-0.8773110423182684
2021,4,Jujuy,56.921070514870486,14.555241944242491,2.2119267983429793
2022,1,Jujuy,58.06462866426784,14.847641828629394,2.009024319208131
2022,2,Jujuy,57.32,14.656913524540677,-1.282413547451268
2022,3,Jujuy,58.91,15.06,2.773900907187712
2022,4,Jujuy,58.46,14.95,-0.7638771006620196
2014,1,La Pampa,48.42532103828204,15.994061954006705,0.0
2014,2,La Pampa,49.70759616034458,16.379048903362197,2.647943461332656
2014,3,La Pampa,55.78120173850417,18.33753400191527,12.218666858416617
2014,4,La Pampa,51.273133452228585,16.816524623987434,-8.081698037645173
2015,1,La Pampa,55.50803232733774,18.332348933631966,8.259489112470233
2015,2,La Pampa,56.70766522530004,18.685329046975873,2.1611879356269004
2015,3,La Pampa,57.96395975091518,19.055588379965016,2.215387497658157
2015,4,La Pampa,58.75633720012275,19.272161272149656,1.367017458111219
2016,1,La Pampa,57.84086865504526,19.101771424266833,-1.5580762666662196
2016,2,La Pampa,60.43686025737927,19.91385540427254,4.4881615070757945
2016,3,La Pampa,61.73178543650905,20.294829381412075,2.1426082917199
2016,4,La Pampa,63.016182768654026,20.670760836407798,2.080609402535385
2017,1,La Pampa,62.66928104575163,20.649049712429974,-0.5504962497902255
2017,2,La Pampa,63.49352648099681,20.920811368324546,1.3152303991543197
2017,3,La Pampa,69.13993701142644,22.780807976856142,8.892891674743503
2017,4,La Pampa,71.04976106378558,23.409929773918797,2.7622588838105444
2018,1,La Pampa,71.75163692275797,23.64124866231016,0.9878651925968764
2018,2,La Pampa,71.04033787278055,23.40701065826804,-0.9913349443764468
2018,3,La Pampa,71.75023651844843,23.64056278957734,0.9992895120222653
2018,4,La Pampa,73.49404828314209,24.215175627605007,2.430391660444619
2019,1,La Pampa,76.35457433780647,25.157516640472675,3.892187355966507
2019,2,La Pampa,77.08313750288404,25.39783989548608,0.9541840438455969
2019,3,La Pampa,77.45269423291748,25.519002705641388,0.47942616505407637
2019,4,La Pampa,76.92418969170417,25.344921847620384,-0.6823578526835722
2020,1,La Pampa,75.76678781291396,24.96348894596364,-1.5046006768856865
2020,2,La Pampa,76.10158288987562,25.07384596485546,0.44187576987999333
2020,3,La Pampa,79.26447706670275,26.115702018823033,4.156147686709841
2020,4,La Pampa,81.76793248945148,26.940422171804798,3.1583573315471667
2021,1,La Pampa,81.77676345752207,26.943299898725044,0.01080003835455007
2021,2,La Pampa,82.08000672325404,27.043558440191944,0.3708183754294639
2021,3,La Pampa,84.27996309653611,27.767891191051227,2.6802585198361037
2021,4,La Pampa,89.56734270241313,29.509892061530994,6.273590319232509
2022,1,La Pampa,91.66332531408715,30.200415031402574,2.3401192314456676
2022,2,La Pampa,92.98,30.632721559665786,1.4364247439215547
2022,3,La Pampa,96.59,31.82,3.8825553882555384
2022,4,La Pampa,94.8,31.23,-1.8531939124132997
2014,1,La Rioja,16.294104815837528,4.353174900044055,0.0
2014,2,La Rioja,16.502564816345664,4.3933834187878436,1.2793584113041763
2014,3,La Rioja,16.50671327406722,4.379035874747908,0.025138260432381827
2014,4,La Rioja,17.01075088723615,4.496901902725229,3.053531037949237
2015,1,La Rioja,16.703201787413843,4.462324463144091,-1.8079689830333896
2015,2,La Rioja,16.883190981963825,4.494678751214943,1.0775730116941253
2015,3,La Rioja,17.151129442032545,4.550079085806065,1.5870131443455
2015,4,La Rioja,17.315778648410653,4.577775134234902,0.9599904597221438
2016,1,La Rioja,16.83351837249417,4.4969582015400285,-2.7850914804847613
2016,2,La Rioja,16.878902611111524,4.4934890589340855,0.2696063746929637
2016,3,La Rioja,17.074559106484113,4.529887087279927,1.15917782026769
2016,4,La Rioja,16.45531638401623,4.350562085368715,-3.626698168930905
2017,1,La Rioja,16.19552414605418,4.311444393660782,-1.5787738861976355
2017,2,La Rioja,16.203445806143563,4.313641371128342,0.04891265029735805
2017,3,La Rioja,51.46525230494696,13.700651079810719,217.6191837259321
2017,4,La Rioja,51.56847440546175,13.727965660359493,0.2005665879245477
2018,1,La Rioja,51.44351011244806,13.694770063119927,-0.24232691475638218
2018,2,La Rioja,50.97789073923241,13.570922884408905,-0.9051080927368214
2018,3,La Rioja,50.73304318059562,13.505484520192356,-0.4803014700809326
2018,4,La Rioja,50.347993917417234,13.402859048246764,-0.7589713508959415
2019,1,La Rioja,50.184587883262736,13.359402478637785,-0.3245532173983398
2019,2,La Rioja,48.704939144243156,12.965645588675004,-2.948412653027015
2019,3,La Rioja,47.94290512174643,12.762431790856121,-1.564592905536561
2019,4,La Rioja,47.13589011052434,12.547563567459605,-1.6832834997644528
2020,1,La Rioja,46.346631384166976,12.337423688670192,-1.6744326340432134
2020,2,La Rioja,49.83993501839552,13.267548880443243,7.5373409671839395
2020,3,La Rioja,50.118113236302676,13.341312020771634,0.558143219497539
2020,4,La Rioja,50.11061211701148,13.339129511730942,-0.014966882842998363
2021,1,La Rioja,49.80693519079345,13.258360163449572,-0.6060132043666107
2021,2,La Rioja,76.9786615851933,20.49158509575061,54.554102335978286
2021,3,La Rioja,77.26016061386845,20.565964530219404,0.36568449344058546
2021,4,La Rioja,77.9234900964576,20.742382050283958,0.8585660155488707
2022,1,La Rioja,78.77459866564503,20.96917417226944,1.0922362026314358
2022,2,La Rioja,80.14,21.331409216914373,1.7333015432428294
2022,3,La Rioja,80.66,21.47,0.6488644871474869
2022,4,La Rioja,79.86,21.26,-0.9918175055789701
2014,1,Mendoza,31.91312298660578,8.933318322823283,0.0
2014,2,Mendoza,32.098238150241194,8.95860097015214,0.580059694292868
2014,3,Mendoza,32.313179561655694,8.992236937014606,0.6696361663479189
2014,4,Mendoza,32.63838187615034,9.056377705209336,1.0064076606083863
2015,1,Mendoza,32.36588756051825,9.059236417534116,-0.8348891702600176
2015,2,Mendoza,32.49199583186653,9.068294493026901,0.3896332863187516
2015,3,Mendoza,32.49199583186653,9.042401990754488,0.0
2015,4,Mendoza,32.48895249500142,9.015907568565332,-0.009366420212718846
2016,1,Mendoza,32.12333888801278,8.990567825336337,-1.1253474763302695
2016,2,Mendoza,32.12597179442594,8.96594364845842,0.008196241437854107
2016,3,Mendoza,32.08835884566649,8.930444449562124,-0.11707956727391082
2016,4,Mendoza,32.10735338479002,8.910941733480245,0.05919448612153237
2017,1,Mendoza,31.843012770179662,8.886706245725367,-0.8233024112650111
2017,2,Mendoza,31.75860536139077,8.863231962926129,-0.2650735638555443
2017,3,Mendoza,35.70493177720565,9.964323465862444,12.42600665523073
2017,4,Mendoza,33.32562553415048,9.300280994440511,-6.663802798733085
2018,1,Mendoza,37.07215110240331,10.345843091967911,11.242176277872327
2018,2,Mendoza,36.97287272406129,10.318226443150964,-0.2677977279165351
2018,3,Mendoza,37.990597267996215,10.601969231966759,2.752625016537078
2018,4,Mendoza,37.757783845911696,10.536933969997644,-0.612818536234606
2019,1,Mendoza,37.657164970282864,10.508862067173826,-0.2664851200998841
2019,2,Mendoza,40.754624235362655,11.373356541672889,8.225418104427538
2019,3,Mendoza,40.73714258735342,11.368189016279217,-0.04289488208326723
2019,4,Mendoza,33.64903072027183,9.390112733918839,-17.399629470531508
2020,1,Mendoza,33.14207670017271,9.248656325291032,-1.5065932338838774
2020,2,Mendoza,36.25224342110005,10.116652469373573,9.384344707980025
2020,3,Mendoza,37.348633137232696,10.422355488053226,3.02433618630761
2020,4,Mendoza,38.62957896227819,10.779753857792285,3.4296993422458693
2021,1,Mendoza,39.153661528996416,10.926002451479471,1.3566872350071297
2021,2,Mendoza,40.97324182617088,11.433847066800618,4.6472800400210765
2021,3,Mendoza,45.54828468056102,12.710228113581037,11.165928421772865
2021,4,Mendoza,47.505317090317746,13.25625900699059,4.2966105605991025
2022,1,Mendoza,48.73524093558345,13.5994765497552,2.5890235464113514
2022,2,Mendoza,49.39,13.782233784570575,1.3435022621145758
2022,3,Mendoza,51.03,14.24,3.3205102247418514
2022,4,Mendoza,51.36,14.33,0.6466784244561988
2014,1,Misiones,23.13653864847733,6.323160981949705,0.0
2014,2,Misiones,23.367747601299843,6.365807425994047,0.9993238674780308
2014,3,Misiones,23.567356954345527,6.399773666851879,0.85420878576496
2014,4,Misiones,24.162430605588312,6.540662222041546,2.5249910390696613
2015,1,Misiones,26.305604105190643,7.1884830279667495,8.869858892038183
2015,2,Misiones,27.34768244882168,7.4498150149300955,3.961430953890973
2015,3,Misiones,28.306345093436885,7.687041384274881,3.5054621041810132
2015,4,Misiones,28.686658891542372,7.766317103077486,1.343563772892977
2016,1,Misiones,28.36765259095629,7.751215322654614,-1.1120371382117773
2016,2,Misiones,29.239512823021975,7.964976216879448,3.0734310118548116
2016,3,Misiones,29.905385775898186,8.121652823521027,2.277305223607999
2016,4,Misiones,29.720149807797423,8.047024567428018,-0.6194067165321471
2017,1,Misiones,29.522202363131044,8.041713210556319,-0.6660378428322914
2017,2,Misiones,30.089248025085933,8.196262181174568,1.9207430901667666
2017,3,Misiones,30.205990933031902,8.227833589371523,0.3879887853915087
2017,4,Misiones,31.14218485379854,8.482789477895514,3.099365032725539
2018,1,Misiones,30.95673588446963,8.432278416607307,-0.5954911969071099
2018,2,Misiones,31.630907682221824,8.61598877251767,2.1777870905647156
2018,3,Misiones,32.10366641805902,8.74450949017475,1.4946100838671497
2018,4,Misiones,34.4507488777944,9.38376401334208,7.310948317152638
2019,1,Misiones,36.25716826552349,9.87579609120626,5.243483658764332
2019,2,Misiones,39.14612554169944,10.662825595018377,7.967961686966674
2019,3,Misiones,39.33292986744382,10.713348334458951,0.47719748291665365
2019,4,Misiones,39.78923684048622,10.837581902491847,1.160114373834337
2020,1,Misiones,39.01834755171205,10.627621055982175,-1.9374317026100343
2020,2,Misiones,40.88779600969606,11.136919674351834,4.791203562648018
2020,3,Misiones,41.60448628544863,11.331798537010407,1.7528219803841085
2020,4,Misiones,42.64411416119227,11.614898792582805,2.498835987568137
2021,1,Misiones,43.172438905971845,11.758811611223322,1.2389159797821985
2021,2,Misiones,45.0128113119994,12.26014659485293,4.262840952849168
2021,3,Misiones,45.57065365808786,12.411772581325813,1.2392968353428648
2021,4,Misiones,49.06462073058497,13.363319043268442,7.6671427597067145
2022,1,Misiones,49.04334199772953,13.357539336702546,-0.04336879107307224
2022,2,Misiones,51.0,13.89002818196789,3.98965062854211
2022,3,Misiones,51.82,14.11,1.6078431372549025
2022,4,Misiones,52.85,14.39,1.9876495561559264
2014,1,Neuquén,49.79160519138556,14.882265766507492,0.0
2014,2,Neuquén,50.84274905844866,15.137568029498313,2.1110865235671534
2014,3,Neuquén,56.39541102706976,16.726688649309313,10.921246532593624
2014,4,Neuquén,52.554989697249574,15.52866412077054,-6.8098117557415945
2015,1,Neuquén,51.95443673810251,15.526250068921229,-1.1427134942022368
2015,2,Neuquén,53.117336593231435,15.814175161962616,2.238307117043723
2015,3,Neuquén,54.59931489671118,16.195213031371225,2.7900086836593876
2015,4,Neuquén,58.2893377687955,17.22630452981118,6.758368450345868
2016,1,Neuquén,55.75393700425406,16.65921009321782,-4.349681882813793
2016,2,Neuquén,59.098285533662036,17.594175765043765,5.99840784185841
2016,3,Neuquén,60.21485088853954,17.862151015228427,1.8893362891915233
2016,4,Neuquén,60.873667228199054,17.993247493890816,1.094109393177799
2017,1,Neuquén,61.02302006782746,18.166254008454768,0.2453488452872776
2017,2,Neuquén,61.91013427666159,18.43063459528346,1.4537369796645503
2017,3,Neuquén,60.8304131050389,18.10848135178631,-1.7440136162484658
2017,4,Neuquén,61.24232317785096,18.2308851652642,0.6771449539571549
2018,1,Neuquén,61.517390351563726,18.31283869735193,0.44914555725450445
2018,2,Neuquén,60.23679161402031,17.931877810369247,-2.0816857318312145
2018,3,Neuquén,60.48661674396911,18.005451709791327,0.4147384401705892
2018,4,Neuquén,59.06916926636779,17.58336203291432,-2.343406779719829
2019,1,Neuquén,58.87800433437489,17.526490396034294,-0.32362894953008536
2019,2,Neuquén,63.080964327674394,18.777900805620252,7.138421284509598
2019,3,Neuquén,64.13887269491578,19.092075679641724,1.6770643545429509
2019,4,Neuquén,59.35590092822445,17.668184976921886,-7.457212086408352
2020,1,Neuquén,61.84749362355069,18.409872883598883,4.197716918388913
2020,2,Neuquén,63.898469033764314,19.02059866374008,3.3161819340608503
2020,3,Neuquén,65.24417025530218,19.42045929269766,2.105999160679091
2020,4,Neuquén,67.00234522048092,19.943555550895127,2.6947617822388628
2021,1,Neuquén,66.84208942045272,19.895917331182986,-0.23917938917041043
2021,2,Neuquén,69.14021084638621,20.58023612564588,3.438135231646866
2021,3,Neuquén,69.70653344501615,20.74816202113861,0.8190929586375977
2021,4,Neuquén,73.30016254020012,21.817563119077384,5.155369113310722
2022,1,Neuquén,74.17305509992715,22.07746042609429,1.19084669048082
2022,2,Neuquén,80.02,23.81745752817118,7.882842215674872
2022,3,Neuquén,80.37,23.92,0.4373906523369265
2022,4,Neuquén,78.67,23.41,-2.1152171208162285
2014,1,Río Negro,44.913957131788514,13.867842232252002,0.0
2014,2,Río Negro,45.33491032014632,13.946569423268942,0.9372435991837174
2014,3,Río Negro,46.196187157830146,14.159932806209634,1.899809289577624
2014,4,Río Negro,45.47806275120403,13.889530185847859,-1.5545101247698898
2015,1,Río Negro,45.32694907202778,13.99387526238606,-0.3322781799280741
2015,2,Río Negro,45.97612013432327,14.14343856592951,1.4321966856050856
2015,3,Río Negro,46.389186656745146,14.21984560217436,0.8984371043382277
2015,4,Río Negro,46.43948111494307,14.185024658290292,0.10841849539220583
2016,1,Río Negro,45.83512638708331,14.14929460475045,-1.3013813103637326
2016,2,Río Negro,46.240113078127436,14.224291356155328,0.8835727595119229
2016,3,Río Negro,46.38796536215942,14.220201565227184,0.3197489672704138
2016,4,Río Negro,46.38521035065572,14.170250609480686,-0.005939065191138964
2017,1,Río Negro,46.02953874119518,14.158945655638249,-0.7667780457861143
2017,2,Río Negro,46.02080512293318,14.1565144707972,-0.018973942604779796
2017,3,Río Negro,48.518658939500625,14.924361907723748,5.4276621408405274
2017,4,Río Negro,49.37562976824529,15.187813662722721,1.7662706420085665
2018,1,Río Negro,49.816861312232405,15.323567091543692,0.8936221088381584
2018,2,Río Negro,50.147894623963396,15.42558308937726,0.6645005385951654
2018,3,Río Negro,50.54264808703746,15.546572458298687,0.7871785366746643
2018,4,Río Negro,51.86140345426057,15.952033444971306,2.609193259823128
2019,1,Río Negro,53.57164978100252,16.478122478195964,3.297724729432579
2019,2,Río Negro,61.0942074999118,18.792276756346176,14.042049758894898
2019,3,Río Negro,63.42470088700958,19.508498591229387,3.814589766306633
2019,4,Río Negro,55.70500968287489,17.13387032217983,-12.171427056293474
2020,1,Río Negro,55.11566865962362,16.95263605430754,-1.0579677242789227
2020,2,Río Negro,56.369335248791955,17.338453751536527,2.2746101420098306
2020,3,Río Negro,57.052405915845014,17.54802558517,1.2117770487061006
2020,4,Río Negro,61.088615480454756,18.789319055171752,7.0745650421181905
2021,1,Río Negro,60.87924030325769,18.724905657874665,-0.3427400924875384
2021,2,Río Negro,61.94204057417748,19.052051860128394,1.7457515330770694
2021,3,Río Negro,61.967213114754095,19.05925062746504,0.04063886230300639
2021,4,Río Negro,65.69489961160652,20.205613568445425,6.015578738306817
2022,1,Río Negro,67.03640754987029,20.61822984084394,2.0420275336363645
2022,2,Río Negro,67.85,20.867543527383393,1.2136575927408542
2022,3,Río Negro,67.98,20.91,0.19159911569640334
2022,4,Río Negro,68.42,21.04,0.647249190938508
2014,1,Salta,28.699559509630678,6.976877486214764,0.0
2014,2,Salta,28.914594000862877,7.004015501526469,0.7492605980939889
2014,3,Salta,29.2226843537979,7.053549273694012,1.065518516102379
2014,4,Salta,29.534861619577978,7.103785883014793,1.0682703272586496
2015,1,Salta,30.00978823344275,7.2946429647847415,1.6080204470975283
2015,2,Salta,30.46112384270092,7.378443804380798,1.503961326708742
2015,3,Salta,31.175945212858434,7.525378783060509,2.3466677521446653
2015,4,Salta,31.593492648071866,7.599850568087338,1.3393256639455988
2016,1,Salta,31.315545971153234,7.6113150931071925,-0.8797592593346729
2016,2,Salta,32.08172602508202,7.770812428027119,2.4466444066936055
2016,3,Salta,32.95583168118035,7.955372391224448,2.7246216597415596
2016,4,Salta,32.69411973937546,7.865487548426057,-0.7941293800039113
2017,1,Salta,32.57548931482305,7.8901262912821775,-0.3628494221532241
2017,2,Salta,32.739420263626215,7.929941866624195,0.5032340334748807
2017,3,Salta,39.839700806907416,9.649427484390076,21.68725190033275
2017,4,Salta,39.79624247145896,9.638816535753657,-0.10908298648899763
2018,1,Salta,39.775591632918804,9.633845443846392,-0.05189142807883586
2018,2,Salta,39.93719209989731,9.673102808845783,0.40628048595702826
2018,3,Salta,39.42741342068409,9.549341341721156,-1.2764509781711233
2018,4,Salta,39.801610069738146,9.639884990122159,0.949077346417425
2019,1,Salta,40.09834441771615,9.711781014403453,0.7455335285634964
2019,2,Salta,41.89319832036978,10.146610869132008,4.476129697416211
2019,3,Salta,44.47617792228716,10.771854623416075,6.165629995983035
2019,4,Salta,50.35463892238824,12.195492805546795,13.217100197711385
2020,1,Salta,49.59568027012866,12.011697200976553,-1.5072268782015592
2020,2,Salta,51.58158335340357,12.492822821915325,4.004185591282265
2020,3,Salta,52.31571212848803,12.670239307125406,1.423238154700841
2020,4,Salta,54.04275200147659,13.088389057411085,3.3011877363858333
2021,1,Salta,53.93001926339093,13.061128426236175,-0.20859918103834008
2021,2,Salta,54.930090174788894,13.303441391384512,1.8543863418881363
2021,3,Salta,55.964278059584196,13.55352602212216,1.882734729734632
2021,4,Salta,56.81442605762217,13.759337691497715,1.5190904403927765
2022,1,Salta,56.10759340849759,13.588166053353753,-1.2441076997023548
2022,2,Salta,57.54,13.936010557448652,2.5529638761613076
2022,3,Salta,57.76,13.99,0.3823427181091395
2022,4,Salta,57.96,14.04,0.34626038781163926
2014,1,San Juan,27.59549302299609,7.050796578649686,0.0
2014,2,San Juan,27.782697817958912,7.077771062624967,0.678389021014473
2014,3,San Juan,27.854244478102746,7.0752480415613945,0.25752236378421883
2014,4,San Juan,28.037145714560673,7.100961754619733,0.6566368605032952
2015,1,San Juan,27.553192759766446,7.039582453142129,-1.726113491441793
2015,2,San Juan,27.64305342045848,7.042097078751527,0.3261352013740065
2015,3,San Juan,27.66538565566005,7.027462887351242,0.08078787412479807
2015,4,San Juan,27.6648539357743,7.007150043164227,-0.0019219680953225862
2016,1,San Juan,27.330794110004312,6.982387580659241,-1.2075242708511251
2016,2,San Juan,27.34078151409113,6.964997582946448,0.03654267800130305
2016,3,San Juan,27.31712713599077,6.939188629814689,-0.08651683233037512
2016,4,San Juan,27.292421452197058,6.913287316652287,-0.09044027093596584
2017,1,San Juan,27.03676098842391,6.887390312005832,-0.9367452580964228
2017,2,San Juan,26.96461612024698,6.869062671706707,-0.2668399081081518
2017,3,San Juan,32.36688935995978,8.245115565495915,20.034675129887653
2017,4,San Juan,30.29992919128174,7.718528602820455,-6.386032793237828
2018,1,San Juan,32.60917745169287,8.306800710570991,7.6212991978726325
2018,2,San Juan,32.94664884868421,8.392841711641646,1.0348969933119874
2018,3,San Juan,33.05141650392377,8.419357955569252,0.31799184105408607
2018,4,San Juan,31.89625207025579,8.125067548299477,-3.4950527265021742
2019,1,San Juan,31.833058053465464,8.108982017265918,-0.19812364365297003
2019,2,San Juan,35.59971733748176,9.068540162527924,11.832539863716445
2019,3,San Juan,37.06231303554226,9.440941485226007,4.1084475030945775
2019,4,San Juan,32.85497572815534,8.36915261267133,-11.352063491968627
2020,1,San Juan,32.392292136304725,8.251277881190129,-1.408260336817454
2020,2,San Juan,35.09485776365026,8.939786450606132,8.343236767479466
2020,3,San Juan,38.78995525412846,9.88083251128296,10.528885785385402
2020,4,San Juan,36.32088215575813,9.251858120163535,-6.36523832573265
2021,1,San Juan,39.055194335357605,9.948368694803314,7.528209716585844
2021,2,San Juan,39.28402570062062,10.00671906693712,0.5859178763728382
2021,3,San Juan,39.4554480019856,10.050236642022515,0.43636643217621174
2021,4,San Juan,39.588851864871685,10.084133235970333,0.3381126552646678
2022,1,San Juan,43.54598160933163,11.092116468606637,9.995565817283076
2022,2,San Juan,49.46,12.597912455631214,13.58108870693371
2022,3,San Juan,50.8,12.94,2.7092600080873357
2022,4,San Juan,50.88,12.96,0.15748031496064058
2014,1,San Luis,9.347207842190002,2.684668505334274,0.0
2014,2,San Luis,9.717910199871824,2.781512264860477,3.9659154256590057
2014,3,San Luis,9.711210759672754,2.770051341285783,-0.06893910379165463
2014,4,San Luis,9.786393366351197,2.7819569555272006,0.7741836578261632
2015,1,San Luis,9.716048963760594,2.790401457622043,-0.7187980286227812
2015,2,San Luis,9.707971837203658,2.778618445940834,-0.08313180169287106
2015,3,San Luis,9.70650326873876,2.7688118552652248,-0.015127448755768299
2015,4,San Luis,9.705768984506312,2.759291577250979,-0.007564868749527677
2016,1,San Luis,9.586346282770212,2.752950183918377,-1.2304300867529352
2016,2,San Luis,9.603733851602321,2.7487304539676813,0.18137847642079033
2016,3,San Luis,9.630539686885157,2.7472425273887247,0.27911888955943753
2016,4,San Luis,9.640682435370556,2.7410268293938924,0.10531858873091575
2017,1,San Luis,9.545500193678896,2.7319835263877543,-0.9872977595698743
2017,2,San Luis,9.513970314868304,2.7229996991951935,-0.3303114364972792
2017,3,San Luis,15.477861790298098,4.429809174940647,62.68562206999432
2017,4,San Luis,10.586731069754228,3.0299272402737993,-31.60081661673546
2018,1,San Luis,15.14879034827491,4.335615022675048,43.092237334282174
2018,2,San Luis,15.150424491351385,4.336137508962927,0.010787284257731022
2018,3,San Luis,52.35311497551916,14.983359875657099,245.55543315241707
2018,4,San Luis,67.55045369760039,19.332549309229275,29.028528157661015
2019,1,San Luis,67.3379373977716,19.271779401291518,-0.31460380825886475
2019,2,San Luis,81.789994425864,23.40822663016059,21.46198352159604
2019,3,San Luis,85.22608876849344,24.390971166174673,4.201118201253806
2019,4,San Luis,74.92002603481464,21.441352893267833,-12.092614928832411
2020,1,San Luis,76.30854184641933,21.838769386372302,1.8533306581600233
2020,2,San Luis,78.4096773527651,22.440286647722235,2.7534735371756587
2020,3,San Luis,79.96172209417188,22.8839263803681,1.979404575820566
2020,4,San Luis,81.67947806105701,23.375314368474104,2.1482228269947887
2021,1,San Luis,81.23730177127507,23.24883515831701,-0.5413554301257962
2021,2,San Luis,83.47810720063075,23.89055527674358,2.75834546507305
2021,3,San Luis,79.87043349212911,22.857408818789526,-4.321700418806786
2021,4,San Luis,80.29578283135379,22.97895624197615,0.532549180751094
2022,1,San Luis,80.72423060601774,23.101656231687382,0.5335868952966373
2022,2,San Luis,81.76,23.396972678771853,1.2830960248322891
2022,3,San Luis,81.74,23.39,-0.02446183953034519
2022,4,San Luis,90.27,25.83,10.435527281624665
2014,1,Santa Cruz,28.939093063577776,8.677326900880571,0.0
2014,2,Santa Cruz,29.377007153054272,8.744673181156902,1.513226722463004
2014,3,Santa Cruz,28.231942904274984,8.34323913237982,-3.8978247267105908
2014,4,Santa Cruz,27.802678969652344,8.15757414246012,-1.5204902336269557
2015,1,Santa Cruz,27.994863943494483,8.391896957421542,0.6912462430398008
2015,2,Santa Cruz,27.072245027448233,8.058063850217536,-3.295672084381217
2015,3,Santa Cruz,27.606060983429437,8.159354482038923,1.9718200520125846
2015,4,Santa Cruz,27.74476906647967,8.143243109871943,0.5024551787141686
2016,1,Santa Cruz,26.865862521449994,8.051419802811122,-3.1678279351459504
2016,2,Santa Cruz,26.728911725319804,7.955357767523354,-0.509757674896337
2016,3,Santa Cruz,26.835201895450698,7.932484607529773,0.3976599242916692
2016,4,Santa Cruz,27.04676021484584,7.940780215262837,0.788361198918375
2017,1,Santa Cruz,26.52499173785465,7.89382704275053,-1.9291348495957568
2017,2,Santa Cruz,26.248619828709554,7.812000426302888,-1.0419302364972105
2017,3,Santa Cruz,33.29182971658959,9.907366563740627,26.83268657111065
2017,4,Santa Cruz,28.912492882806827,8.603821648608145,-13.154389143113102
2018,1,Santa Cruz,33.55275989857616,9.98473486255572,16.049349444124648
2018,2,Santa Cruz,33.33236451006607,9.919588050940062,-0.6568621752019994
2018,3,Santa Cruz,32.72785029455932,9.738987459252597,-1.8135953581216717
2018,4,Santa Cruz,23.68919410065612,7.049080016507051,-27.6176287551822
2019,1,Santa Cruz,23.66765499676892,7.042691634453057,-0.09092375112331644
2019,2,Santa Cruz,28.846063055322123,8.584064828655885,21.87968372557464
2019,3,Santa Cruz,35.62816097885956,10.601555192584216,23.511346801573797
2019,4,Santa Cruz,36.71136308535834,10.923427797723754,3.040297553223456
2020,1,Santa Cruz,35.97427628896549,10.704172537298618,-2.0077892359350322
2020,2,Santa Cruz,35.79262396979603,10.650675172081195,-0.5049505866645533
2020,3,Santa Cruz,35.95152890784452,10.697207032526524,0.44396001305347194
2020,4,Santa Cruz,36.99957245908797,11.008682660661702,2.915157110369157
2021,1,Santa Cruz,41.64783103990742,12.391825403443834,12.56300619678574
2021,2,Santa Cruz,44.01491665543425,13.096756425784957,5.683574765895149
2021,3,Santa Cruz,43.74732028012005,13.016254371883871,-0.607967470230709
2021,4,Santa Cruz,43.05121466117346,12.808821353847454,-1.591196019526065
2022,1,Santa Cruz,43.33842311053054,12.894297328809571,0.6671320463719815
2022,2,Santa Cruz,43.15,12.83962283852644,-0.43477149606940674
2022,3,Santa Cruz,43.19,12.85,0.09269988412514286
2022,4,Santa Cruz,43.53,12.95,0.7872192637184613
2014,1,Santa Fe,47.84766256547095,15.077800919408592,0.0
2014,2,Santa Fe,48.39035138670138,15.216957428230305,1.1342013217215416
2014,3,Santa Fe,49.19588444557267,15.437988654617879,1.6646563535652832
2014,4,Santa Fe,49.999623023482705,15.657532856900755,1.6337516582291334
2015,1,Santa Fe,50.24449475931921,15.832773292036375,0.48974716413661473
2015,2,Santa Fe,51.17653890867876,16.093025858679276,1.8550174577816312
2015,3,Santa Fe,52.14595474084349,16.3639671637834,1.8942582926418594
2015,4,Santa Fe,52.60808978585806,16.474943169318767,0.8862337401075542
2016,1,Santa Fe,51.27734085407622,16.157804349232396,-2.5295518943924256
2016,2,Santa Fe,52.436477259371124,16.489119309020037,2.2605236269828093
2016,3,Santa Fe,52.67215036886248,16.529361932364445,0.4494449700074778
2016,4,Santa Fe,52.19105023718895,16.345011971501133,-0.9133861600568607
2017,1,Santa Fe,51.970107692080425,16.34225474583628,-0.4233341619002227
2017,2,Santa Fe,52.26961123969867,16.436519275562326,0.5762996478529219
2017,3,Santa Fe,60.90635563451515,19.152164898849556,16.5234525185389
2017,4,Santa Fe,61.7127712196729,19.405680474329014,1.3240253447388364
2018,1,Santa Fe,62.28199844300957,19.584682368757406,0.9223815623356884
2018,2,Santa Fe,62.57079239957442,19.675591530682105,0.46368768469931143
2018,3,Santa Fe,63.4096146162309,19.939106982732063,1.3405970813023935
2018,4,Santa Fe,65.58706886191564,20.62373640643868,3.433949660257645
2019,1,Santa Fe,66.97409094791476,21.059894917387947,2.1147798034995295
2019,2,Santa Fe,67.42291993321949,21.201130485144205,0.6701531576647752
2019,3,Santa Fe,68.87178057593026,21.656424746361633,2.148914114289066
2019,4,Santa Fe,69.48235725596862,21.84835065573258,0.8865411565266712
2020,1,Santa Fe,69.52357940253133,21.86132458787361,0.05932750152796766
2020,2,Santa Fe,70.002168637187,22.01189934872471,0.6883840544007533
2020,3,Santa Fe,72.12060247348236,22.677710522681583,3.0262402973184446
2020,4,Santa Fe,73.58073807267776,23.136769743176906,2.0245748775216708
2021,1,Santa Fe,73.91656407026184,23.242382186130484,0.4564047689388168
2021,2,Santa Fe,75.06878626293008,23.60478745301367,1.5588146001659136
2021,3,Santa Fe,75.01704762728227,23.58815244581783,-0.068921636040035
2021,4,Santa Fe,77.08920179439227,24.23965799751964,2.7622443599825126
2022,1,Santa Fe,77.30458474758402,24.307396998934415,0.27939445237246857
2022,2,Santa Fe,77.9,24.495906799164608,0.7702198444764272
2022,3,Santa Fe,78.55,24.7,0.834403080872903
2022,4,Santa Fe,78.4,24.65,-0.19096117122850603
2014,1,Santiago Del Estero,16.309923503967603,4.058899015580628,0.0
2014,2,Santiago Del Estero,16.695567347354444,4.143683147939005,2.3644736487760243
2014,3,Santiago Del Estero,16.49220390830193,4.082169590293595,-1.2180684538686113
2014,4,Santiago Del Estero,17.26920158364512,4.26296198713424,4.711302865665274
2015,1,Santiago Del Estero,17.0558169911586,4.2444689547784344,-1.235636699548442
2015,2,Santiago Del Estero,17.110566632982863,4.2466687085071415,0.3210027514521496
2015,3,Santiago Del Estero,17.11882253135319,4.237302719178804,0.04825029204124358
2015,4,Santiago Del Estero,17.00497803803607,4.197822731421939,-0.6650252557301215
2016,1,Santiago Del Estero,16.205749206821952,4.032855070541266,-4.699969793706497
2016,2,Santiago Del Estero,15.888925047306124,3.943453095409565,-1.9550108759085238
2016,3,Santiago Del Estero,15.329646578472886,3.794480871177055,-3.519926408917515
2016,4,Santiago Del Estero,15.067847510433346,3.719720429331573,-1.7077958496915335
2017,1,Santiago Del Estero,14.702119493368587,3.6488508898009986,-2.427208111918575
2017,2,Santiago Del Estero,14.118988073971998,3.5041532386183105,-3.9663085289138804
2017,3,Santiago Del Estero,35.12104488438485,8.716515836151316,148.75043948177574
2017,4,Santiago Del Estero,29.126386109501063,7.228687949666727,-17.06856613924112
2018,1,Santiago Del Estero,34.9882694482421,8.683504190530646,20.125680256737667
2018,2,Santiago Del Estero,35.256464211164236,8.750160589339375,0.7665276595599395
2018,3,Santiago Del Estero,36.24961697805127,8.996517443513934,2.8169380824426127
2018,4,Santiago Del Estero,37.40072595129344,9.2821177795649,3.175506582425822
2019,1,Santiago Del Estero,37.519416746003905,9.311616280949599,0.3173489061817595
2019,2,Santiago Del Estero,52.78997126317105,13.101581339388986,40.700404861153835
2019,3,Santiago Del Estero,55.30391146854541,13.725288048364083,4.762154904085376
2019,4,Santiago Del Estero,42.92077382358182,10.651974288337923,-22.391070208490785
2020,1,Santiago Del Estero,42.466359187991806,10.539212166838636,-1.058728897707676
2020,2,Santiago Del Estero,43.46716682468362,10.787648634906734,2.356706945988474
2020,3,Santiago Del Estero,43.37593131691913,10.76484130094044,-0.209895225360501
2020,4,Santiago Del Estero,43.749256620689934,10.857437164805166,0.8606738632149825
2021,1,Santiago Del Estero,45.67308282365455,11.334871169032645,4.397391753748798
2021,2,Santiago Del Estero,46.557275364921054,11.554388875216853,1.9359160507741515
2021,3,Santiago Del Estero,47.0,11.660736690891678,0.9509247085634233
2021,4,Santiago Del Estero,47.0459491943867,11.675440470480114,0.09776424337595904
2022,1,Santiago Del Estero,47.17273839324049,11.706882132029497,0.2695007774844098
2022,2,Santiago Del Estero,47.7,11.836737968128928,1.1177252470784316
2022,3,Santiago Del Estero,47.98,11.91,0.5870020964360462
2022,4,Santiago Del Estero,48.05,11.92,0.14589412255106354
2014,1,Tierra Del Fuego,63.965925574153744,19.10492102645171,0.0
2014,2,Tierra Del Fuego,64.35604517159936,19.08631433655622,0.6098865824951832
2014,3,Tierra Del Fuego,65.68610204476191,19.344392262780588,2.0667162962175123
2014,4,Tierra Del Fuego,66.13781947338316,19.341882280727507,0.6876910252848117
2015,1,Tierra Del Fuego,74.23495170010268,22.16715476458662,12.242817031453802
2015,2,Tierra Del Fuego,74.50787431664719,22.095953780047246,0.3676470588235434
2015,3,Tierra Del Fuego,74.85845784033849,22.04802112197417,0.47053217784924545
2015,4,Tierra Del Fuego,66.46220433623792,19.441920240938828,-11.216172155200526
2016,1,Tierra Del Fuego,65.83304163135006,19.6541853628346,-0.9466473632214688
2016,2,Tierra Del Fuego,67.71824288255286,20.081326844262296,2.8636095256839202
2016,3,Tierra Del Fuego,68.94049249100736,20.307103192524696,1.804904493127964
2016,4,Tierra Del Fuego,70.30526590539473,20.57132386392357,1.9796397807361092
2017,1,Tierra Del Fuego,68.91974851288131,20.435486705666722,-1.970716381867928
2017,2,Tierra Del Fuego,68.46322075955756,20.30130511507835,-0.6624048450183018
2017,3,Tierra Del Fuego,65.74180473434595,19.492764396867877,-3.975004381942836
2017,4,Tierra Del Fuego,59.89413596263622,17.758493353028065,-8.89490149432221
2018,1,Tierra Del Fuego,65.19963702359347,19.33152333431171,8.858131060220954
2018,2,Tierra Del Fuego,91.60519629538562,27.162316515991055,40.499549502456446
2018,3,Tierra Del Fuego,92.77191839394062,27.506021696216745,1.2736418300909962
2018,4,Tierra Del Fuego,93.59257086207943,27.748785315817887,0.884591460806101
2019,1,Tierra Del Fuego,93.37581922721242,27.684925791261847,-0.23159064108455815
2019,2,Tierra Del Fuego,94.79803428023493,28.10756382159569,1.523108514380817
2019,3,Tierra Del Fuego,96.46210963092378,28.598925193212118,1.7553901442403657
2019,4,Tierra Del Fuego,79.69536136377089,23.627546752616215,-17.381693528479307
2020,1,Tierra Del Fuego,76.06964979018785,22.552553250860385,-4.549463747373461
2020,2,Tierra Del Fuego,76.36948260742473,22.642392447335883,0.3941556429717532
2020,3,Tierra Del Fuego,76.80909583946696,22.771515363810202,0.5756399245259444
2020,4,Tierra Del Fuego,76.26583496977399,22.609569143137627,-0.7072871562352478
2021,1,Tierra Del Fuego,77.34935609177366,22.9312154304354,1.420716264929234
2021,2,Tierra Del Fuego,67.88580775229184,20.126647945777083,-12.234812049700173
2021,3,Tierra Del Fuego,94.95386825985027,28.150170112829368,39.872929856453844
2021,4,Tierra Del Fuego,98.40061644865433,29.171007839182543,3.6299186667906063
2022,1,Tierra Del Fuego,98.29055038672794,29.13865104068589,-0.11185505324940911
2022,2,Tierra Del Fuego,99.86,29.60495526496903,1.5967451673604391
2022,3,Tierra Del Fuego,99.51,29.5,-0.35049068696174074
2022,4,Tierra Del Fuego,101.44,30.07,1.9395035674806476
2014,1,Tucumán,33.4209747934719,8.307214637543202,0.0
2014,2,Tucumán,33.94452688568229,8.409488588173268,1.5665374677002526
2014,3,Tucumán,33.94375582221807,8.381678430058432,-0.002271539876863263
2014,4,Tucumán,35.32087516932818,8.693215352295233,4.057062377901944
2015,1,Tucumán,35.07860688538978,8.71860866450986,-0.6859067981100906
2015,2,Tucumán,35.68770560918727,8.841187690702666,1.7363823078480816
2015,3,Tucumán,36.61035952774264,9.04046893117945,2.5853551042458878
2015,4,Tucumán,37.06217328329588,9.122607419100433,1.2341145003256884
2016,1,Tucumán,36.72477136636591,9.127106142747772,-0.910367328842097
2016,2,Tucumán,37.23568289338424,9.224512334342581,1.391190490803828
2016,3,Tucumán,37.89736341023836,9.358616360369721,1.7770065309361864
2016,4,Tucumán,37.9807622036193,9.349553397483637,0.2200648960143907
2017,1,Tucumán,37.90016075894098,9.388852799951817,-0.21221650120186783
2017,2,Tucumán,38.18623365639289,9.459823731438563,0.7548065541764994
2017,3,Tucumán,39.69537916123259,9.833448455500244,3.9520669108644664
2017,4,Tucumán,39.8968735176797,9.883286960651205,0.5076015412995422
2018,1,Tucumán,41.176009388866156,10.200177350055142,3.206105537617189
2018,2,Tucumán,41.512563170017415,10.283671207148597,0.8173540519015485
2018,3,Tucumán,41.68101359528755,10.325137534986972,0.4057817981034743
2018,4,Tucumán,41.75796963877769,10.344120436439566,0.18463093109337367
2019,1,Tucumán,41.63074443134759,10.31263096739148,-0.30467287689187766
2019,2,Tucumán,40.13604621420884,9.942460440805863,-3.5903711008666295
2019,3,Tucumán,39.487600204016815,9.781574184382116,-1.6156200506926466
2019,4,Tucumán,47.64902012521289,11.803181280712074,20.668310758388074
2020,1,Tucumán,47.84792325850032,11.852464901793745,0.41743383759991176
2020,2,Tucumán,51.78074091030483,12.826796661758182,8.219411385019368
2020,3,Tucumán,53.2281495112899,13.184990703555616,2.795264369608554
2020,4,Tucumán,54.78340441369959,13.57016980842894,2.9218654352802886
2021,1,Tucumán,54.81892254125389,13.57896382467824,0.06483373557086852
2021,2,Tucumán,54.928196510348045,13.606163819728007,0.19933622192577802
2021,3,Tucumán,54.63604486100796,13.533446775711843,-0.5318791948412966
2021,4,Tucumán,55.92599102424391,13.852880446424063,2.360980130456968
2022,1,Tucumán,57.39003227231194,14.215533334298076,2.6178190520278246
2022,2,Tucumán,59.31,14.6914572899128,3.345472465632951
2022,3,Tucumán,61.14,15.14,3.0854830551340386
2022,4,Tucumán,61.04,15.12,-0.1635590448151806
